{
  "mean": [
    128.97826086956522,
    76.6501843648686,
    18.06357354816535,
    76.0163043478261,
    65.49728260869566,
    87.625,
    8.73662339754972,
    23.690786630567676,
    0.7161412811697572,
    0.29809207261877047,
    9.990305481092976,
    576.4909707503338,
    550.0457415622652,
    414.7228260869565,
    272.6494565217391,
    663.633152173913,
    101.53260869565217,
    207.53663754029895,
    151.42392030747456,
    573.5257825801399,
    359.3319884899527,
    447.8330942037317,
    180.8861726294085,
    4846.6083791576,
    2499.0757698103866,
    11466.865171157287,
    5579.394830530774,
    5154.758088873112,
    3307.5853338251977,
    0.751756130612054,
    0.14848252101112552,
    940.0254622547731,
    1145.3086949933706,
    -0.8778409825558657,
    1.844723284220368,
    0.5939784887879815,
    0.39361707248759836,
    0.005331211635941594,
    0.007073227088478332,
    150.04347826086956,
    200.2350751445476,
    183.7381651224147,
    157.6413043478261,
    113.90760869565217,
    215.1929347826087,
    0.08262285355251893,
    7.004367208866275,
    0.7041772154910315
  ],
  "scale": [
    43.284191878105375,
    10.647449602348425,
    3.5505332687871327,
    10.944139559142192,
    10.477557185351278,
    11.637907747491834,
    18.33173470415662,
    34.97715149016111,
    1.4989297810740685,
    0.5142820705040557,
    33.20266195340763,
    399.8607167997656,
    424.2288047371639,
    346.6873776885091,
    177.94450259881424,
    619.1583056104215,
    30.143660046862156,
    77.54893474841204,
    91.02173677523717,
    302.86047497541233,
    413.0227297346853,
    188.9438183909456,
    68.36034141817454,
    3332.2494005325193,
    1443.1672318293695,
    8112.853589524193,
    3443.3738819034347,
    3788.479983436538,
    1852.8152108601284,
    0.11461025754306474,
    0.05656117381798409,
    736.642828011533,
    708.8505739543372,
    1.2111498293139304,
    0.5798072005710031,
    0.1250117532129282,
    0.1320444663396684,
    0.012145002258764718,
    0.015546228782752204,
    45.81672208576592,
    63.500952861659336,
    83.1258572639252,
    44.39810795071142,
    37.465196120781485,
    72.99101068145374,
    0.09026263276088284,
    2.62059467081032,
    0.17890942294437745
  ],
  "n_features": 48
}