{"mean": [122.95138888888889, 73.34297424971459, 17.244130609657134, 72.76041666666667, 62.66840277777778, 83.84375, 7.7571041472556885, 22.90464626967615, 0.6318156053914958, 0.2789750169836574, 7.155648422876474, 535.0659923887166, 498.96977270300835, 386.53472222222223, 255.04513888888889, 621.8020833333334, 102.71527777777777, 210.7145471981397, 168.88113157884592, 610.1497165165842, 397.015779938063, 472.1000048437088, 188.56529039321836, 5114.99607007386, 2645.948394570367, 11793.09780908463, 5710.016104827543, 5402.46683603076, 3450.16626101161, 0.7555142850766697, 0.14857253995985686, 926.4186161356787, 1147.7385191741944, -0.7941493574199594, 1.8800982766506378, 0.5873963554530354, 0.4003966739888985, 0.005618913226070344, 0.006588057331995683, 144.98611111111111, 197.2389639773904, 178.4017370197976, 154.86111111111111, 112.72916666666667, 212.65277777777777, 0.07830686671282934, 7.168431260879795, 0.7133966685627702], "scale": [46.90006068775852, 17.56369456740807, 4.902710894287773, 17.680416106960767, 15.897289411825074, 19.78054237807531, 15.852474505376406, 32.596145525039056, 1.3251927817581153, 0.5102338796088564, 27.10768646622766, 370.57344077787275, 397.5826309862566, 319.40189684946137, 167.91102051295778, 561.4370495927232, 31.690925619008134, 75.39520893659675, 108.61278178697684, 323.3280366727904, 500.1110552169692, 202.37754682847546, 74.97540058910252, 3388.0061009584388, 1516.3832449489776, 8174.824108408803, 3440.2751040044554, 3821.3565591233164, 1910.5231951416727, 0.12118772567121582, 0.05759827471447353, 725.2820549815355, 741.4520061840608, 1.2804728402844947, 0.5827551964271311, 0.12550568999161613, 0.12987858093729357, 0.013131733632425856, 0.0137809462113046, 40.54763764030991, 66.15407157548265, 86.21515687192074, 44.78011263556983, 37.20651941267223, 73.39763463533228, 0.09383729183345092, 2.7080772525586343, 0.1852236500800169]}